year;respondent;judge
1998;ALB;TRAJA
1999;ALB;TRAJA
2000;ALB;TRAJA
2001;ALB;TRAJA
2002;ALB;TRAJA
2003;ALB;TRAJA
2004;ALB;TRAJA
2005;ALB;TRAJA
2006;ALB;TRAJA
2007;ALB;TRAJA
2008;ALB;
2009;ALB;BIANKU
2010;ALB;BIANKU
2011;ALB;BIANKU
2012;ALB;BIANKU
2013;ALB;BIANKU
2014;ALB;BIANKU
2015;ALB;BIANKU
2016;ALB;BIANKU
2017;ALB;BIANKU
2018;ALB;BIANKU
2019;ALB;
2020;ALB;PAVLI
1996;AND;CASADEVALL
1997;AND;CASADEVALL
1998;AND;CASADEVALL
1999;AND;CASADEVALL
2000;AND;CASADEVALL
2001;AND;CASADEVALL
2002;AND;CASADEVALL
2003;AND;CASADEVALL
2004;AND;CASADEVALL
2005;AND;CASADEVALL
2006;AND;CASADEVALL
2007;AND;CASADEVALL
2008;AND;CASADEVALL
2009;AND;CASADEVALL
2010;AND;CASADEVALL
2011;AND;CASADEVALL
2012;AND;CASADEVALL
2013;AND;CASADEVALL
2014;AND;CASADEVALL
2015;AND;
2016;AND;PASTOR VILANOVA
2017;AND;PASTOR VILANOVA
2018;AND;PASTOR VILANOVA
2019;AND;PASTOR VILANOVA
2020;AND;PASTOR VILANOVA
2003;ARM;GYULUMYAN
2004;ARM;GYULUMYAN
2005;ARM;GYULUMYAN
2006;ARM;GYULUMYAN
2007;ARM;GYULUMYAN
2008;ARM;GYULUMYAN
2009;ARM;GYULUMYAN
2010;ARM;GYULUMYAN
2011;ARM;GYULUMYAN
2012;ARM;GYULUMYAN
2013;ARM;GYULUMYAN
2014;ARM;GYULUMYAN
2015;ARM;HARUTYUNYAN
2016;ARM;HARUTYUNYAN
2017;ARM;HARUTYUNYAN
2018;ARM;HARUTYUNYAN
2019;ARM;HARUTYUNYAN
2020;ARM;HARUTYUNYAN
1990;AUT;MATSCHER
1991;AUT;MATSCHER
1992;AUT;MATSCHER
1993;AUT;MATSCHER
1994;AUT;MATSCHER
1995;AUT;MATSCHER
1996;AUT;MATSCHER
1997;AUT;MATSCHER
1998;AUT;
1999;AUT;FUHRMANN
2000;AUT;FUHRMANN
2001;AUT;
2002;AUT;STEINER
2003;AUT;STEINER
2004;AUT;STEINER
2005;AUT;STEINER
2006;AUT;STEINER
2007;AUT;STEINER
2008;AUT;STEINER
2009;AUT;STEINER
2010;AUT;STEINER
2011;AUT;STEINER
2012;AUT;STEINER
2013;AUT;STEINER
2014;AUT;STEINER
2015;AUT;
2016;AUT;KUCSKO-STADLMAYER
2017;AUT;KUCSKO-STADLMAYER
2018;AUT;KUCSKO-STADLMAYER
2019;AUT;KUCSKO-STADLMAYER
2020;AUT;KUCSKO-STADLMAYER
2003;AZE ;HAJIYEV
2004;AZE ;HAJIYEV
2005;AZE ;HAJIYEV
2006;AZE ;HAJIYEV
2007;AZE ;HAJIYEV
2008;AZE ;HAJIYEV
2009;AZE ;HAJIYEV
2010;AZE ;HAJIYEV
2011;AZE ;HAJIYEV
2012;AZE ;HAJIYEV
2013;AZE ;HAJIYEV
2014;AZE ;HAJIYEV
2015;AZE ;HAJIYEV
2016;AZE ;HAJIYEV
2017;AZE ;HUSEYNOV
2018;AZE ;HUSEYNOV
2019;AZE ;HUSEYNOV
2020;AZE ;HUSEYNOV
1990;BEL;DE MEYER
1991;BEL;DE MEYER
1992;BEL;DE MEYER
1993;BEL;DE MEYER
1994;BEL;DE MEYER
1995;BEL;DE MEYER
1996;BEL;DE MEYER
1997;BEL;DE MEYER
1998;BEL;
1999;BEL;TULKENS
2000;BEL;TULKENS
2001;BEL;TULKENS
2002;BEL;TULKENS
2003;BEL;TULKENS
2004;BEL;TULKENS
2005;BEL;TULKENS
2006;BEL;TULKENS
2007;BEL;TULKENS
2008;BEL;TULKENS
2009;BEL;TULKENS
2010;BEL;TULKENS
2011;BEL;TULKENS
2012;BEL;
2013;BEL;LEMMENS
2014;BEL;LEMMENS
2015;BEL;LEMMENS
2016;BEL;LEMMENS
2017;BEL;LEMMENS
2018;BEL;LEMMENS
2019;BEL;LEMMENS
2020;BEL;LEMMENS
2004;BIH;MIJOVIC
2005;BIH;MIJOVIC
2006;BIH;MIJOVIC
2007;BIH;MIJOVIC
2008;BIH;MIJOVIC
2009;BIH;MIJOVIC
2010;BIH;MIJOVIC
2011;BIH;MIJOVIC
2012;BIH;VEHABOVIC
2013;BIH;VEHABOVIC
2014;BIH;VEHABOVIC
2015;BIH;VEHABOVIC
2016;BIH;VEHABOVIC
2017;BIH;VEHABOVIC
2018;BIH;VEHABOVIC
2019;BIH;VEHABOVIC
2020;BIH;VEHABOVIC
1992;BGR;GOTCHEV
1993;BGR;GOTCHEV
1994;BGR;GOTCHEV
1995;BGR;GOTCHEV
1996;BGR;GOTCHEV
1997;BGR;GOTCHEV
1998;BGR;
1999;BGR;BOTOUCHAROVA
2000;BGR;BOTOUCHAROVA
2001;BGR;BOTOUCHAROVA
2002;BGR;BOTOUCHAROVA
2003;BGR;BOTOUCHAROVA
2004;BGR;BOTOUCHAROVA
2005;BGR;BOTOUCHAROVA
2006;BGR;BOTOUCHAROVA
2007;BGR;BOTOUCHAROVA
2008;BGR;
2009;BGR;KALAYDJIEVA
2010;BGR;KALAYDJIEVA
2011;BGR;KALAYDJIEVA
2012;BGR;KALAYDJIEVA
2013;BGR;KALAYDJIEVA
2014;BGR;KALAYDJIEVA
2015;BGR;
2016;BGR;GROZEV
2017;BGR;GROZEV
2018;BGR;GROZEV
2019;BGR;GROZEV
2020;BGR;GROZEV
1998;HRV;VAJIC
1999;HRV;VAJIC
2000;HRV;VAJIC
2001;HRV;VAJIC
2002;HRV;VAJIC
2003;HRV;VAJIC
2004;HRV;VAJIC
2005;HRV;VAJIC
2006;HRV;VAJIC
2007;HRV;VAJIC
2008;HRV;VAJIC
2009;HRV;VAJIC
2010;HRV;VAJIC
2011;HRV;VAJIC
2012;HRV;VAJIC
2013;HRV;TURKOVIC
2014;HRV;TURKOVIC
2015;HRV;TURKOVIC
2016;HRV;TURKOVIC
2017;HRV;TURKOVIC
2018;HRV;TURKOVIC
2019;HRV;TURKOVIC
2020;HRV;TURKOVIC
1990;CYP;LOIZOU
1991;CYP;LOIZOU
1992;CYP;LOIZOU
1993;CYP;LOIZOU
1994;CYP;LOIZOU
1995;CYP;LOIZOU
1996;CYP;LOIZOU
1997;CYP;LOIZOU
1998;CYP;
1999;CYP;LOUCAIDES
2000;CYP;LOUCAIDES
2001;CYP;LOUCAIDES
2002;CYP;LOUCAIDES
2003;CYP;LOUCAIDES
2004;CYP;LOUCAIDES
2005;CYP;LOUCAIDES
2006;CYP;LOUCAIDES
2007;CYP;LOUCAIDES
2008;CYP;
2009;CYP;NICOLAOU
2010;CYP;NICOLAOU
2011;CYP;NICOLAOU
2012;CYP;NICOLAOU
2013;CYP;NICOLAOU
2014;CYP;NICOLAOU
2015;CYP;NICOLAOU
2016;CYP;
2017;CYP;SERGHIDES
2018;CYP;SERGHIDES
2019;CYP;SERGHIDES
2020;CYP;SERGHIDES
1993;CZE;JUNGWIERT
1994;CZE;JUNGWIERT
1995;CZE;JUNGWIERT
1996;CZE;JUNGWIERT
1997;CZE;JUNGWIERT
1998;CZE;JUNGWIERT
1999;CZE;JUNGWIERT
2000;CZE;JUNGWIERT
2001;CZE;JUNGWIERT
2002;CZE;JUNGWIERT
2003;CZE;JUNGWIERT
2004;CZE;JUNGWIERT
2005;CZE;JUNGWIERT
2006;CZE;JUNGWIERT
2007;CZE;JUNGWIERT
2008;CZE;JUNGWIERT
2009;CZE;JUNGWIERT
2010;CZE;JUNGWIERT
2011;CZE;JUNGWIERT
2012;CZE;
2013;CZE;PEJCHAL
2014;CZE;PEJCHAL
2015;CZE;PEJCHAL
2016;CZE;PEJCHAL
2017;CZE;PEJCHAL
2018;CZE;PEJCHAL
2019;CZE;PEJCHAL
2020;CZE;PEJCHAL
1990;DNK;FOIGHEL
1991;DNK;FOIGHEL
1992;DNK;FOIGHEL
1993;DNK;FOIGHEL
1994;DNK;FOIGHEL
1995;DNK;FOIGHEL
1996;DNK;FOIGHEL
1997;DNK;FOIGHEL
1998;DNK;
1999;DNK;LORENZEN
2000;DNK;LORENZEN
2001;DNK;LORENZEN
2002;DNK;LORENZEN
2003;DNK;LORENZEN
2004;DNK;LORENZEN
2005;DNK;LORENZEN
2006;DNK;LORENZEN
2007;DNK;LORENZEN
2008;DNK;LORENZEN
2009;DNK;LORENZEN
2010;DNK;LORENZEN
2011;DNK;LORENZEN
2012;DNK;LORENZEN
2013;DNK;LORENZEN
2014;DNK;
2015;DNK;KJOLBRO
2016;DNK;KJOLBRO
2017;DNK;KJOLBRO
2018;DNK;KJOLBRO
2019;DNK;KJOLBRO
2020;DNK;KJOLBRO
1994;EST;LOHMUS
1995;EST;LOHMUS
1996;EST;LOHMUS
1997;EST;LOHMUS
1998;EST;
1999;EST;MARUSTE
2000;EST;MARUSTE
2001;EST;MARUSTE
2002;EST;MARUSTE
2003;EST;MARUSTE
2004;EST;MARUSTE
2005;EST;MARUSTE
2006;EST;MARUSTE
2007;EST;MARUSTE
2008;EST;MARUSTE
2009;EST;MARUSTE
2010;EST;MARUSTE
2011;EST;LAFFRANQUE
2012;EST;LAFFRANQUE
2013;EST;LAFFRANQUE
2014;EST;LAFFRANQUE
2015;EST;LAFFRANQUE
2016;EST;LAFFRANQUE
2017;EST;LAFFRANQUE
2018;EST;LAFFRANQUE
2019;EST;LAFFRANQUE
2020;EST;LAFFRANQUE
1990;FIN;PEKKANEN
1991;FIN;PEKKANEN
1992;FIN;PEKKANEN
1993;FIN;PEKKANEN
1994;FIN;PEKKANEN
1995;FIN;PEKKANEN
1996;FIN;PEKKANEN
1997;FIN;PEKKANEN
1998;FIN;
1999;FIN;PELLONPAA
2000;FIN;PELLONPAA
2001;FIN;PELLONPAA
2002;FIN;PELLONPAA
2003;FIN;PELLONPAA
2004;FIN;PELLONPAA
2005;FIN;PELLONPAA
2006;FIN;PELLONPAA
2007;FIN;HIRVELA
2008;FIN;HIRVELA
2009;FIN;HIRVELA
2010;FIN;HIRVELA
2011;FIN;HIRVELA
2012;FIN;HIRVELA
2013;FIN;HIRVELA
2014;FIN;HIRVELA
2015;FIN;HIRVELA
2016;FIN;KOSKELO
2017;FIN;KOSKELO
2018;FIN;KOSKELO
2019;FIN;KOSKELO
2020;FIN;KOSKELO
1990;FRA;PETTITI
1991;FRA;PETTITI
1992;FRA;PETTITI
1993;FRA;PETTITI
1994;FRA;PETTITI
1995;FRA;PETTITI
1996;FRA;PETTITI
1997;FRA;PETTITI
1998;FRA;
1999;FRA;COSTA
2000;FRA;COSTA
2001;FRA;COSTA
2002;FRA;COSTA
2003;FRA;COSTA
2004;FRA;COSTA
2005;FRA;COSTA
2006;FRA;COSTA
2007;FRA;COSTA (president)
2008;FRA;COSTA (president)
2009;FRA;COSTA (president)
2010;FRA;COSTA (president)
2011;FRA;
2012;FRA;POTOCKI
2013;FRA;POTOCKI
2014;FRA;POTOCKI
2015;FRA;POTOCKI
2016;FRA;POTOCKI
2017;FRA;POTOCKI
2018;FRA;POTOCKI
2019;FRA;POTOCKI
2020;FRA;POTOCKI
1999;GEO;UGREKHELIDZE
2000;GEO;UGREKHELIDZE
2001;GEO;UGREKHELIDZE
2002;GEO;UGREKHELIDZE
2003;GEO;UGREKHELIDZE
2004;GEO;UGREKHELIDZE
2005;GEO;UGREKHELIDZE
2006;GEO;UGREKHELIDZE
2007;GEO;UGREKHELIDZE
2008;GEO;
2009;GEO;TSOTSORIA
2010;GEO;TSOTSORIA
2011;GEO;TSOTSORIA
2012;GEO;TSOTSORIA
2013;GEO;TSOTSORIA
2014;GEO;TSOTSORIA
2015;GEO;TSOTSORIA
2016;GEO;TSOTSORIA
2017;GEO;TSOTSORIA
2018;GEO;
2019;GEO;CHANTURIA
2020;GEO;CHANTURIA
1990;DEU;BERNHARDT
1991;DEU;BERNHARDT
1992;DEU;BERNHARDT
1993;DEU;BERNHARDT
1994;DEU;BERNHARDT
1995;DEU;BERNHARDT
1996;DEU;BERNHARDT
1997;DEU;BERNHARDT
1998;DEU;
1999;DEU;RESS
2000;DEU;RESS
2001;DEU;RESS
2002;DEU;RESS
2003;DEU;RESS
2004;DEU;
2005;DEU;JAEGER
2006;DEU;JAEGER
2007;DEU;JAEGER
2008;DEU;JAEGER
2009;DEU;JAEGER
2010;DEU;JAEGER
2011;DEU;NUSSBERGER
2012;DEU;NUSSBERGER
2013;DEU;NUSSBERGER
2014;DEU;NUSSBERGER
2015;DEU;NUSSBERGER
2016;DEU;NUSSBERGER
2017;DEU;NUSSBERGER
2018;DEU;NUSSBERGER
2019;DEU;NUSSBERGER
2020;DEU;SEIBERT-FOHR
1990;GRC;VALTICOS
1991;GRC;VALTICOS
1992;GRC;VALTICOS
1993;GRC;VALTICOS
1994;GRC;VALTICOS
1995;GRC;VALTICOS
1996;GRC;VALTICOS
1997;GRC;VALTICOS
1998;GRC;
1999;GRC;ROZAKIS
2000;GRC;ROZAKIS
2001;GRC;ROZAKIS
2002;GRC;ROZAKIS
2003;GRC;ROZAKIS
2004;GRC;ROZAKIS
2005;GRC;ROZAKIS
2006;GRC;ROZAKIS
2007;GRC;ROZAKIS
2008;GRC;ROZAKIS
2009;GRC;ROZAKIS
2010;GRC;ROZAKIS
2011;GRC;
2012;GRC;SICILIANOS
2013;GRC;SICILIANOS
2014;GRC;SICILIANOS
2015;GRC;SICILIANOS
2016;GRC;SICILIANOS
2017;GRC;SICILIANOS
2018;GRC;SICILIANOS
2019;GRC;SICILIANOS (president)
2020;GRC;SICILIANOS (president)
1991;HUN;BAKA
1992;HUN;BAKA
1993;HUN;BAKA
1994;HUN;BAKA
1995;HUN;BAKA
1996;HUN;BAKA
1997;HUN;BAKA
1998;HUN;BAKA
1999;HUN;BAKA
2000;HUN;BAKA
2001;HUN;BAKA
2002;HUN;BAKA
2003;HUN;BAKA
2004;HUN;BAKA
2005;HUN;BAKA
2006;HUN;BAKA
2007;HUN;BAKA
2008;HUN;
2009;HUN;SAJO
2010;HUN;SAJO
2011;HUN;SAJO
2012;HUN;SAJO
2013;HUN;SAJO
2014;HUN;SAJO
2015;HUN;SAJO
2016;HUN;SAJO
2017;HUN;
2018;HUN;PACZOLAY
2019;HUN;PACZOLAY
2020;HUN;PACZOLAY
1990;ISL;VILHJALMSSON
1991;ISL;VILHJALMSSON
1992;ISL;VILHJALMSSON
1993;ISL;VILHJALMSSON
1994;ISL;VILHJALMSSON
1995;ISL;VILHJALMSSON
1996;ISL;VILHJALMSSON
1997;ISL;VILHJALMSSON
1998;ISL;
1999;ISL;JORUNDSSON
2000;ISL;JORUNDSSON
2001;ISL;JORUNDSSON
2002;ISL;JORUNDSSON
2003;ISL;JORUNDSSON
2004;ISL;
2005;ISL;THOR BJORGVINSSON
2006;ISL;THOR BJORGVINSSON
2007;ISL;THOR BJORGVINSSON
2008;ISL;THOR BJORGVINSSON
2009;ISL;THOR BJORGVINSSON
2010;ISL;THOR BJORGVINSSON
2011;ISL;THOR BJORGVINSSON
2012;ISL;THOR BJORGVINSSON
2013;ISL;
2014;ISL;SPANO
2015;ISL;SPANO
2016;ISL;SPANO
2017;ISL;SPANO
2018;ISL;SPANO
2019;ISL;SPANO
2020;ISL;SPANO
1990;IRL;WALSH
1991;IRL;WALSH
1992;IRL;WALSH
1993;IRL;WALSH
1994;IRL;WALSH
1995;IRL;WALSH
1996;IRL;WALSH
1997;IRL;WALSH
1998;IRL;
1999;IRL;HEDIGAN
2000;IRL;HEDIGAN
2001;IRL;HEDIGAN
2002;IRL;HEDIGAN
2003;IRL;HEDIGAN
2004;IRL;HEDIGAN
2005;IRL;HEDIGAN
2006;IRL;HEDIGAN
2007;IRL;HEDIGAN
2008;IRL;POWER-FORDE
2009;IRL;POWER-FORDE
2010;IRL;POWER-FORDE
2011;IRL;POWER-FORDE
2012;IRL;POWER-FORDE
2013;IRL;POWER-FORDE
2014;IRL;POWER-FORDE
2015;IRL;OÕLEARY
2016;IRL;OÕLEARY
2017;IRL;OÕLEARY
2018;IRL;OÕLEARY
2019;IRL;OÕLEARY
2020;IRL;OÕLEARY
1990;ITA;RUSSO
1991;ITA;RUSSO
1992;ITA;RUSSO
1993;ITA;RUSSO
1994;ITA;RUSSO
1995;ITA;RUSSO
1996;ITA;RUSSO
1997;ITA;RUSSO
1998;ITA;
1999;ITA;CONFORTI
2000;ITA;CONFORTI
2001;ITA;
2002;ITA;ZAGREBELSKY
2003;ITA;ZAGREBELSKY
2004;ITA;ZAGREBELSKY
2005;ITA;ZAGREBELSKY
2006;ITA;ZAGREBELSKY
2007;ITA;ZAGREBELSKY
2008;ITA;ZAGREBELSKY
2009;ITA;ZAGREBELSKY
2010;ITA;
2011;ITA;RAIMONDI
2012;ITA;RAIMONDI
2013;ITA;RAIMONDI
2014;ITA;RAIMONDI
2015;ITA;RAIMONDI (president)
2016;ITA;RAIMONDI (president)
2017;ITA;RAIMONDI (president)
2018;ITA;RAIMONDI (president)
2019;ITA;
2020;ITA;SABATO
1995;LVA;LEVITS
1996;LVA;LEVITS
1997;LVA;LEVITS
1998;LVA;LEVITS
1999;LVA;LEVITS
2000;LVA;LEVITS
2001;LVA;LEVITS
2002;LVA;LEVITS
2003;LVA;LEVITS
2004;LVA;LEVITS
2005;LVA;ZIEMELE
2006;LVA;ZIEMELE
2007;LVA;ZIEMELE
2008;LVA;ZIEMELE
2009;LVA;ZIEMELE
2010;LVA;ZIEMELE
2011;LVA;ZIEMELE
2012;LVA;ZIEMELE
2013;LVA;ZIEMELE
2014;LVA;ZIEMELE
2015;LVA;MITS
2016;LVA;MITS
2017;LVA;MITS
2018;LVA;MITS
2019;LVA;MITS
2020;LVA;MITS
1990;LIE;MACDONALD
1991;LIE;MACDONALD
1992;LIE;MACDONALD
1993;LIE;MACDONALD
1994;LIE;MACDONALD
1995;LIE;MACDONALD
1996;LIE;MACDONALD
1997;LIE;MACDONALD
1998;LIE;
1999;LIE;CAFLISCH
2000;LIE;CAFLISCH
2001;LIE;CAFLISCH
2002;LIE;CAFLISCH
2003;LIE;CAFLISCH
2004;LIE;CAFLISCH
2005;LIE;CAFLISCH
2006;LIE;
2007;LIE;VILLIGER
2008;LIE;VILLIGER
2009;LIE;VILLIGER
2010;LIE;VILLIGER
2011;LIE;VILLIGER
2012;LIE;VILLIGER
2013;LIE;VILLIGER
2014;LIE;VILLIGER
2015;LIE;
2016;LIE;RANZONI
2017;LIE;RANZONI
2018;LIE;RANZONI
2019;LIE;RANZONI
2020;LIE;RANZONI
1994;LTU;P. KURIS
1995;LTU;P. KURIS
1996;LTU;P. KURIS
1997;LTU;P. KURIS
1998;LTU;P. KURIS
1999;LTU;P. KURIS
2000;LTU;P. KURIS
2001;LTU;P. KURIS
2002;LTU;P. KURIS
2003;LTU;P. KURIS
2004;LTU;
2005;LTU;JOCIENE
2006;LTU;JOCIENE
2007;LTU;JOCIENE
2008;LTU;JOCIENE
2009;LTU;JOCIENE
2010;LTU;JOCIENE
2011;LTU;JOCIENE
2012;LTU;JOCIENE
2013;LTU;
2014;LTU;E. KURIS
2015;LTU;E. KURIS
2016;LTU;E. KURIS
2017;LTU;E. KURIS
2018;LTU;E. KURIS
2019;LTU;E. KURIS
2020;LTU;E. KURIS
1990;LUX;A. SPIELMANN
1991;LUX;A. SPIELMANN
1992;LUX;A. SPIELMANN
1993;LUX;A. SPIELMANN
1994;LUX;A. SPIELMANN
1995;LUX;A. SPIELMANN
1996;LUX;A. SPIELMANN
1997;LUX;A. SPIELMANN
1998;LUX;
1999;LUX;FISCHBACH
2000;LUX;FISCHBACH
2001;LUX;FISCHBACH
2002;LUX;FISCHBACH
2003;LUX;FISCHBACH
2004;LUX;
2005;LUX;D. SPIELMANN
2006;LUX;D. SPIELMANN
2007;LUX;D. SPIELMANN
2008;LUX;D. SPIELMANN
2009;LUX;D. SPIELMANN
2010;LUX;D. SPIELMANN
2011;LUX;D. SPIELMANN
2012;LUX;D. SPIELMANN (president)
2013;LUX;D. SPIELMANN (president)
2014;LUX;D. SPIELMANN (president)
2015;LUX;
2016;LUX;RAVARANI
2017;LUX;RAVARANI
2018;LUX;RAVARANI
2019;LUX;RAVARANI
2020;LUX;RAVARANI
1990;MLT;CREMONA
1991;MLT;CREMONA
1992;MLT;
1993;MLT;MIFSUD BONNICI
1994;MLT;MIFSUD BONNICI
1995;MLT;MIFSUD BONNICI
1996;MLT;MIFSUD BONNICI
1997;MLT;MIFSUD BONNICI
1998;MLT;
1999;MLT;BONELLO
2000;MLT;BONELLO
2001;MLT;BONELLO
2002;MLT;BONELLO
2003;MLT;BONELLO
2004;MLT;BONELLO
2005;MLT;BONELLO
2006;MLT;BONELLO
2007;MLT;BONELLO
2008;MLT;BONELLO
2009;MLT;BONELLO
2010;MLT;
2011;MLT;DE GAETANO
2012;MLT;DE GAETANO
2013;MLT;DE GAETANO
2014;MLT;DE GAETANO
2015;MLT;DE GAETANO
2016;MLT;DE GAETANO
2017;MLT;DE GAETANO
2018;MLT;DE GAETANO
2019;MLT;
2020;MLT;SCHEMBRI ORLAND
1996;MDA;PANTIRU
1997;MDA;PANTIRU
1998;MDA;PANTIRU
1999;MDA;PANTIRU
2000;MDA;PANTIRU
2001;MDA;
2002;MDA;PAVLOVSCHI
2003;MDA;PAVLOVSCHI
2004;MDA;PAVLOVSCHI
2005;MDA;PAVLOVSCHI
2006;MDA;PAVLOVSCHI
2007;MDA;PAVLOVSCHI
2008;MDA;
2009;MDA;POALELUNGI
2010;MDA;POALELUNGI
2011;MDA;POALELUNGI
2012;MDA;
2013;MDA;GRITCO
2014;MDA;GRITCO
2015;MDA;GRITCO
2016;MDA;GRITCO
2017;MDA;GRITCO
2018;MDA;GRITCO
2019;MDA;GRITCO
2020;MDA;GRITCO
2006;MCO;BERRO
2007;MCO;BERRO
2008;MCO;BERRO
2009;MCO;BERRO
2010;MCO;BERRO
2011;MCO;BERRO
2012;MCO;BERRO
2013;MCO;BERRO
2014;MCO;BERRO
2015;MCO;
2016;MCO;MOUROU-VIKSTROM
2017;MCO;MOUROU-VIKSTROM
2018;MCO;MOUROU-VIKSTROM
2019;MCO;MOUROU-VIKSTROM
2020;MCO;MOUROU-VIKSTROM
2008;MNE;VUCINIC
2009;MNE;VUCINIC
2010;MNE;VUCINIC
2011;MNE;VUCINIC
2012;MNE;VUCINIC
2013;MNE;VUCINIC
2014;MNE;VUCINIC
2015;MNE;VUCINIC
2016;MNE;VUCINIC
2017;MNE;VUCINIC
2018;MNE;
2019;MNE;JELIC
2020;MNE;JELIC
1990;NLD;MARTENS
1991;NLD;MARTENS
1992;NLD;MARTENS
1993;NLD;MARTENS
1994;NLD;MARTENS
1995;NLD;MARTENS
1996;NLD;
1997;NLD;VAN DIJK
1998;NLD;
1999;NLD;THOMASSEN
2000;NLD;THOMASSEN
2001;NLD;THOMASSEN
2002;NLD;THOMASSEN
2003;NLD;THOMASSEN
2004;NLD;
2005;NLD;MYJER
2006;NLD;MYJER
2007;NLD;MYJER
2008;NLD;MYJER
2009;NLD;MYJER
2010;NLD;MYJER
2011;NLD;MYJER
2012;NLD;
2013;NLD;SILVIS
2014;NLD;SILVIS
2015;NLD;SILVIS
2016;NLD;SILVIS
2017;NLD;SCHUKKING
2018;NLD;SCHUKKING
2019;NLD;SCHUKKING
2020;NLD;SCHUKKING
1998;MKD;TSATSA-NIKOLOVSKA
1999;MKD;TSATSA-NIKOLOVSKA
2000;MKD;TSATSA-NIKOLOVSKA
2001;MKD;TSATSA-NIKOLOVSKA
2002;MKD;TSATSA-NIKOLOVSKA
2003;MKD;TSATSA-NIKOLOVSKA
2004;MKD;TSATSA-NIKOLOVSKA
2005;MKD;TSATSA-NIKOLOVSKA
2006;MKD;TSATSA-NIKOLOVSKA
2007;MKD;TSATSA-NIKOLOVSKA
2008;MKD;
2009;MKD;LAZAROVA TRAJKOVSKA
2010;MKD;LAZAROVA TRAJKOVSKA
2011;MKD;LAZAROVA TRAJKOVSKA
2012;MKD;LAZAROVA TRAJKOVSKA
2013;MKD;LAZAROVA TRAJKOVSKA
2014;MKD;LAZAROVA TRAJKOVSKA
2015;MKD;LAZAROVA TRAJKOVSKA
2016;MKD;LAZAROVA TRAJKOVSKA
2017;MKD;
2018;MKD;ILIEVSKI
2019;MKD;ILIEVSKI
2020;MKD;ILIEVSKI
1990;NOR;RYSSDAL (president)
1991;NOR;RYSSDAL (president)
1992;NOR;RYSSDAL (president)
1993;NOR;RYSSDAL (president)
1994;NOR;RYSSDAL (president)
1995;NOR;RYSSDAL (president)
1996;NOR;RYSSDAL (president)
1997;NOR;RYSSDAL (president)
1998;NOR;
1999;NOR;GREVE
2000;NOR;GREVE
2001;NOR;GREVE
2002;NOR;GREVE
2003;NOR;GREVE
2004;NOR;
2005;NOR;JEBENS
2006;NOR;JEBENS
2007;NOR;JEBENS
2008;NOR;JEBENS
2009;NOR;JEBENS
2010;NOR;JEBENS
2011;NOR;
2012;NOR;MOSE
2013;NOR;MOSE
2014;NOR;MOSE
2015;NOR;MOSE
2016;NOR;MOSE
2017;NOR;MOSE
2018;NOR;MOSE
2019;NOR;BARDENS
2020;NOR;BARDENS
1992;POL;MAKARCZYK
1993;POL;MAKARCZYK
1994;POL;MAKARCZYK
1995;POL;MAKARCZYK
1996;POL;MAKARCZYK
1997;POL;MAKARCZYK
1998;POL;MAKARCZYK
1999;POL;MAKARCZYK
2000;POL;MAKARCZYK
2001;POL;MAKARCZYK
2002;POL;
2003;POL;GARLICKI
2004;POL;GARLICKI
2005;POL;GARLICKI
2006;POL;GARLICKI
2007;POL;GARLICKI
2008;POL;GARLICKI
2009;POL;GARLICKI
2010;POL;GARLICKI
2011;POL;GARLICKI
2012;POL;
2013;POL;WOJTYCZEK
2014;POL;WOJTYCZEK
2015;POL;WOJTYCZEK
2016;POL;WOJTYCZEK
2017;POL;WOJTYCZEK
2018;POL;WOJTYCZEK
2019;POL;WOJTYCZEK
2020;POL;WOJTYCZEK
1990;PRT;PINHEIRO FARINHA
1991;PRT;
1992;PRT;LOPES ROCHA
1993;PRT;LOPES ROCHA
1994;PRT;LOPES ROCHA
1995;PRT;LOPES ROCHA
1996;PRT;LOPES ROCHA
1997;PRT;LOPES ROCHA
1998;PRT;
1999;PRT;CABRAL BARRETO
2000;PRT;CABRAL BARRETO
2001;PRT;CABRAL BARRETO
2002;PRT;CABRAL BARRETO
2003;PRT;CABRAL BARRETO
2004;PRT;CABRAL BARRETO
2005;PRT;CABRAL BARRETO
2006;PRT;CABRAL BARRETO
2007;PRT;CABRAL BARRETO
2008;PRT;CABRAL BARRETO
2009;PRT;CABRAL BARRETO
2010;PRT;CABRAL BARRETO
2011;PRT;
2012;PRT;PINTO DE ALBUQUERQUE
2013;PRT;PINTO DE ALBUQUERQUE
2014;PRT;PINTO DE ALBUQUERQUE
2015;PRT;PINTO DE ALBUQUERQUE
2016;PRT;PINTO DE ALBUQUERQUE
2017;PRT;PINTO DE ALBUQUERQUE
2018;PRT;PINTO DE ALBUQUERQUE
2019;PRT;PINTO DE ALBUQUERQUE
2020;PRT;
1996;ROU;VOICU
1997;ROU;VOICU
1998;ROU;
1999;ROU;BIRSAN
2000;ROU;BIRSAN
2001;ROU;BIRSAN
2002;ROU;BIRSAN
2003;ROU;BIRSAN
2004;ROU;BIRSAN
2005;ROU;BIRSAN
2006;ROU;BIRSAN
2007;ROU;BIRSAN
2008;ROU;BIRSAN
2009;ROU;BIRSAN
2010;ROU;BIRSAN
2011;ROU;BIRSAN
2012;ROU;BIRSAN
2013;ROU;BIRSAN
2014;ROU;MOTOC
2015;ROU;MOTOC
2016;ROU;MOTOC
2017;ROU;MOTOC
2018;ROU;MOTOC
2019;ROU;MOTOC
2020;ROU;MOTOC
1997;RUS;TOUMANOV
1998;RUS;TOUMANOV
1999;RUS;KOVLER
2000;RUS;KOVLER
2001;RUS;KOVLER
2002;RUS;KOVLER
2003;RUS;KOVLER
2004;RUS;KOVLER
2005;RUS;KOVLER
2006;RUS;KOVLER
2007;RUS;KOVLER
2008;RUS;KOVLER
2009;RUS;KOVLER
2010;RUS;KOVLER
2011;RUS;KOVLER
2012;RUS;KOVLER
2013;RUS;DEDOV
2014;RUS;DEDOV
2015;RUS;DEDOV
2016;RUS;DEDOV
2017;RUS;DEDOV
2018;RUS;DEDOV
2019;RUS;DEDOV
2020;RUS;DEDOV
1991;SMR;BIGI
1992;SMR;BIGI
1993;SMR;BIGI
1994;SMR;BIGI
1995;SMR;BIGI
1996;SMR;BIGI
1998;SMR;FERRARI BRAVO
1999;SMR;FERRARI BRAVO
2000;SMR;FERRARI BRAVO
2001;SMR;
2002;SMR;MULARONI
2003;SMR;MULARONI
2004;SMR;MULARONI
2005;SMR;MULARONI
2006;SMR;MULARONI
2007;SMR;MULARONI
2008;SMR;MULARONI
2009;SMR;PARDALOS
2010;SMR;PARDALOS
2011;SMR;PARDALOS
2012;SMR;PARDALOS
2013;SMR;PARDALOS
2014;SMR;PARDALOS
2015;SMR;PARDALOS
2016;SMR;PARDALOS
2017;SMR;PARDALOS
2018;SMR;
2019;SMR;FELICI
2020;SMR;FELICI
2005;SRB;POPOVIC
2006;SRB;POPOVIC
2007;SRB;POPOVIC
2008;SRB;POPOVIC
2009;SRB;POPOVIC
2010;SRB;POPOVIC
2011;SRB;POPOVIC
2012;SRB;POPOVIC
2013;SRB;POPOVIC
2014;SRB;POPOVIC
2015;SRB;
2016;SRB;LUBARDA
2017;SRB;LUBARDA
2018;SRB;LUBARDA
2019;SRB;LUBARDA
2020;SRB;LUBARDA
1992;SVK;REPIK
1993;SVK;REPIK
1994;SVK;REPIK
1995;SVK;REPIK
1996;SVK;REPIK
1997;SVK;REPIK
1998;SVK;
1999;SVK;STRAZNICKA
2000;SVK;STRAZNICKA
2001;SVK;STRAZNICKA
2002;SVK;STRAZNICKA
2003;SVK;STRAZNICKA
2004;SVK;
2005;SVK;SIKUTA
2006;SVK;SIKUTA
2007;SVK;SIKUTA
2008;SVK;SIKUTA
2009;SVK;SIKUTA
2010;SVK;SIKUTA
2011;SVK;SIKUTA
2012;SVK;SIKUTA
2013;SVK;SIKUTA
2014;SVK;SIKUTA
2015;SVK;SIKUTA
2016;SVK;POLACKOVA
2017;SVK;POLACKOVA
2018;SVK;POLACKOVA
2019;SVK;POLACKOVA
2020;SVK;POLACKOVA
1993;SVN;JAMBREK
1994;SVN;JAMBREK
1995;SVN;JAMBREK
1996;SVN;JAMBREK
1997;SVN;JAMBREK
1998;SVN;
1999;SVN;ZUPANIC
2000;SVN;ZUPANIC
2001;SVN;ZUPANIC
2002;SVN;ZUPANIC
2003;SVN;ZUPANIC
2004;SVN;ZUPANIC
2005;SVN;ZUPANIC
2006;SVN;ZUPANIC
2007;SVN;ZUPANIC
2008;SVN;ZUPANIC
2009;SVN;ZUPANIC
2010;SVN;ZUPANIC
2011;SVN;ZUPANIC
2012;SVN;ZUPANIC
2013;SVN;ZUPANIC
2014;SVN;ZUPANIC
2015;SVN;ZUPANIC
2016;SVN;
2017;SVN;BOSNJAK
2018;SVN;BOSNJAK
2019;SVN;BOSNJAK
2020;SVN;BOSNJAK
1990;ESP;MORENILLA
1991;ESP;MORENILLA
1992;ESP;MORENILLA
1993;ESP;MORENILLA
1994;ESP;MORENILLA
1995;ESP;MORENILLA
1996;ESP;MORENILLA
1997;ESP;MORENILLA
1998;ESP;
1999;ESP;PASTOR RIDRUEJO
2000;ESP;PASTOR RIDRUEJO
2001;ESP;PASTOR RIDRUEJO
2002;ESP;PASTOR RIDRUEJO
2003;ESP;
2004;ESP;BORREGO BORREGO
2005;ESP;BORREGO BORREGO
2006;ESP;BORREGO BORREGO
2007;ESP;BORREGO BORREGO
2008;ESP;
2009;ESP;LOPEZ GUERRA
2010;ESP;LOPEZ GUERRA
2011;ESP;LOPEZ GUERRA
2012;ESP;LOPEZ GUERRA
2013;ESP;LOPEZ GUERRA
2014;ESP;LOPEZ GUERRA
2015;ESP;LOPEZ GUERRA
2016;ESP;LOPEZ GUERRA
2017;ESP;LOPEZ GUERRA
2018;ESP;
2019;ESP;ELOSEGUI
2020;ESP;ELOSEGUI
1990;SWE;PALM
1991;SWE;PALM
1992;SWE;PALM
1993;SWE;PALM
1994;SWE;PALM
1995;SWE;PALM
1996;SWE;PALM
1997;SWE;PALM
1998;SWE;PALM
1999;SWE;PALM
2000;SWE;PALM
2001;SWE;PALM
2002;SWE;PALM
2003;SWE;
2004;SWE;FURA
2005;SWE;FURA
2006;SWE;FURA
2007;SWE;FURA
2008;SWE;FURA
2009;SWE;FURA
2010;SWE;FURA
2011;SWE;FURA
2012;SWE;
2013;SWE;JADERBLOM
2014;SWE;JADERBLOM
2015;SWE;JADERBLOM
2016;SWE;JADERBLOM
2017;SWE;JADERBLOM
2018;SWE;JADERBLOM
2019;SWE;WENNERSTROM
2020;SWE;WENNERSTROM
1990;CHE;BINDSCHEDLER-ROBERT
1991;CHE;
1992;CHE;WILDHABER
1993;CHE;WILDHABER
1994;CHE;WILDHABER
1995;CHE;WILDHABER
1996;CHE;WILDHABER
1997;CHE;WILDHABER
1998;CHE;WILDHABER (president)
1999;CHE;WILDHABER (president)
2000;CHE;WILDHABER (president)
2001;CHE;WILDHABER (president)
2002;CHE;WILDHABER (president)
2003;CHE;WILDHABER (president)
2004;CHE;WILDHABER (president)
2005;CHE;WILDHABER (president)
2006;CHE;WILDHABER (president)
2007;CHE;MALINVERNI
2008;CHE;MALINVERNI
2009;CHE;MALINVERNI
2010;CHE;MALINVERNI
2011;CHE;
2012;CHE;KELLER
2013;CHE;KELLER
2014;CHE;KELLER
2015;CHE;KELLER
2016;CHE;KELLER
2017;CHE;KELLER
2018;CHE;KELLER
2019;CHE;KELLER
2020;CHE;KELLER
1990;TUR;GOLCUKLU
1991;TUR;GOLCUKLU
1992;TUR;GOLCUKLU
1993;TUR;GOLCUKLU
1994;TUR;GOLCUKLU
1995;TUR;GOLCUKLU
1996;TUR;GOLCUKLU
1997;TUR;GOLCUKLU
1998;TUR;
1999;TUR;TURMEN
2000;TUR;TURMEN
2001;TUR;TURMEN
2002;TUR;TURMEN
2003;TUR;TURMEN
2004;TUR;TURMEN
2005;TUR;TURMEN
2006;TUR;TURMEN
2007;TUR;TURMEN
2008;TUR;
2009;TUR;KARAKAS
2010;TUR;KARAKAS
2011;TUR;KARAKAS
2012;TUR;KARAKAS
2013;TUR;KARAKAS
2014;TUR;KARAKAS
2015;TUR;KARAKAS
2016;TUR;KARAKAS
2017;TUR;KARAKAS
2018;TUR;KARAKAS
2019;TUR;
2020;TUR;YUKSEL
1996;UKR;BUTKEVYCH
1997;UKR;BUTKEVYCH
1998;UKR;BUTKEVYCH
1999;UKR;BUTKEVYCH
2000;UKR;BUTKEVYCH
2001;UKR;BUTKEVYCH
2002;UKR;BUTKEVYCH
2003;UKR;BUTKEVYCH
2004;UKR;BUTKEVYCH
2005;UKR;BUTKEVYCH
2006;UKR;BUTKEVYCH
2007;UKR;BUTKEVYCH
2008;UKR;BUTKEVYCH
2010;UKR;YUDKIVSKA
2011;UKR;YUDKIVSKA
2012;UKR;YUDKIVSKA
2013;UKR;YUDKIVSKA
2014;UKR;YUDKIVSKA
2015;UKR;YUDKIVSKA
2016;UKR;YUDKIVSKA
2017;UKR;YUDKIVSKA
2018;UKR;YUDKIVSKA
2019;UKR;YUDKIVSKA
2020;UKR;YUDKIVSKA
1990;GBR;EVANS
1991;GBR;FREELAND
1992;GBR;FREELAND
1993;GBR;FREELAND
1994;GBR;FREELAND
1995;GBR;FREELAND
1996;GBR;FREELAND
1997;GBR;FREELAND
1998;GBR;
1999;GBR;BRATZA
2000;GBR;BRATZA
2001;GBR;BRATZA
2002;GBR;BRATZA
2003;GBR;BRATZA
2004;GBR;BRATZA
2005;GBR;BRATZA
2006;GBR;BRATZA
2007;GBR;BRATZA
2008;GBR;BRATZA
2009;GBR;BRATZA
2010;GBR;BRATZA
2011;GBR;BRATZA (president)
2012;GBR;
2013;GBR;MAHONEY
2014;GBR;MAHONEY
2015;GBR;MAHONEY
2016;GBR;
2017;GBR;EICKE
2018;GBR;EICKE
2019;GBR;EICKE
2020;GBR;EICKE